student_id,parent_id
1,1
1,2
2,3
2,4
3,5
4,6
5,7
6,8
7,9
7,10
8,11
9,12
10,13
10,14
11,15
11,16
12,17
12,18
13,19
14,20
14,21
15,22
16,23
16,24
17,25
18,26
19,27
19,28
20,29
21,30
22,31
23,32
23,33
24,34
25,35
26,36
26,37
27,38
28,39
29,40
29,41
30,42
31,43
31,44
32,45
32,46
33,47
33,48
34,49
35,50
35,51
36,52
37,53
37,54
38,55
39,56
39,57
40,58
41,59
41,60
42,61
43,62
44,63
45,64
45,65
46,66
47,67
47,68
48,69
49,70
49,71
50,72
50,73
51,74
51,75
52,76
52,77
53,78
53,79
54,80
55,81
56,82
56,83
57,84
57,85
58,86
59,87
59,88
60,89
60,90
61,91
61,92
62,93
63,94
64,95
64,96
65,97
66,98
67,99
67,100
68,101
68,102
69,103
70,104
71,105
72,106
72,107
73,108
74,109
75,110
76,111
77,112
77,113
78,114
78,115
79,116
80,117
80,118
81,119
81,120
82,121
82,122
83,123
83,124
84,125
84,126
85,127
86,128
86,129
87,130
88,131
88,132
89,133
90,134
90,135
91,136
91,137
92,138
92,139
93,140
94,141
95,142
95,143
96,144
96,145
97,146
97,147
98,148
98,149
99,150
100,151
100,152
101,153
102,154
102,155
103,156
103,157
104,158
104,159
105,160
106,161
106,162
107,163
107,164
108,165
109,166
110,167
111,168
112,169
112,170
113,171
114,172
115,173
115,174
116,175
116,176
117,177
117,178
118,179
118,180
119,181
119,182
120,183
121,184
122,185
122,186
123,187
123,188
124,189
125,190
125,191
126,192
126,193
127,194
127,195
128,196
128,197
129,198
130,199
130,200
131,201
132,202
132,203
133,204
133,205
134,206
135,207
136,208
136,209
137,210
138,211
139,212
140,213
141,214
142,215
142,216
143,217
143,218
144,219
145,220
146,221
147,222
148,223
148,224
149,225
150,226
150,227
151,228
152,229
153,230
154,231
155,232
155,233
156,234
156,235
157,236
158,237
158,238
159,239
159,240
160,241
161,242
161,243
162,244
163,245
164,246
164,247
165,248
165,249
166,250
167,251
167,252
168,253
168,254
169,255
170,256
171,257
172,258
172,259
173,260
174,261
174,262
175,263
175,264
176,265
176,266
177,267
177,268
178,269
179,270
180,271
180,272
181,273
181,274
182,275
182,276
183,277
184,278
184,279
185,280
186,281
187,282
188,283
188,284
189,285
190,286
191,287
192,288
193,289
193,290
194,291
194,292
195,293
196,294
196,295
197,296
197,297
198,298
199,299
199,300
200,301
201,302
201,303
202,304
202,305
203,306
204,307
205,308
206,309
207,310
208,311
209,312
210,313
211,314
211,315
212,316
213,317
213,318
214,319
215,320
216,321
217,322
217,323
218,324
218,325
219,326
219,327
220,328
221,329
221,330
222,331
222,332
223,333
224,334
225,335
226,336
226,337
227,338
227,339
228,340
229,341
229,342
230,343
230,344
231,345
231,346
232,347
233,348
234,349
235,350
236,351
236,352
237,353
238,354
239,355
239,356
240,357
241,358
241,359
242,360
242,361
243,362
244,363
244,364
245,365
245,366
246,367
247,368
247,369
248,370
248,371
249,372
249,373
250,374
251,375
251,376
252,377
253,378
254,379
255,380
256,381
257,382
257,383
258,384
259,385
260,386
260,387
261,388
261,389
262,390
263,391
264,392
264,393
265,394
266,395
267,396
268,397
269,398
269,399
270,400
271,401
271,402
272,403
272,404
273,405
273,406
274,407
275,408
275,409
276,410
277,411
278,412
279,413
280,414
281,415
281,416
282,417
283,418
284,419
285,420
286,421
286,422
287,423
287,424
288,425
288,426
289,427
290,428
290,429
291,430
292,431
293,432
293,433
294,434
294,435
295,436
295,437
296,438
297,439
298,440
299,441
299,442
300,443
300,444
301,445
301,446
302,447
302,448
303,449
303,450
304,451
305,452
305,453
306,454
307,455
308,456
308,457
309,458
309,459
310,460
310,461
311,462
312,463
313,464
313,465
314,466
314,467
315,468
315,469
316,470
316,471
317,472
317,473
318,474
318,475
319,476
320,477
320,478
321,479
322,480
323,481
323,482
324,483
325,484
326,485
327,486
327,487
328,488
329,489
329,490
330,491
330,492
331,493
332,494
332,495
333,496
334,497
334,498
335,499
335,500
336,501
337,502
338,503
339,504
340,505
340,506
341,507
342,508
342,509
343,510
344,511
344,512
345,513
346,514
346,515
347,516
347,517
348,518
349,519
350,520
350,521
351,522
352,523
353,524
353,525
354,526
355,527
355,528
356,529
356,530
357,531
357,532
358,533
359,534
360,535
361,536
361,537
362,538
362,539
363,540
364,541
365,542
365,543
366,544
367,545
367,546
368,547
368,548
369,549
369,550
370,551
370,552
371,553
371,554
372,555
373,556
373,557
374,558
375,559
375,560
376,561
376,562
377,563
378,564
379,565
379,566
380,567
381,568
381,569
382,570
382,571
383,572
384,573
385,574
385,575
386,576
387,577
387,578
388,579
389,580
390,581
391,582
391,583
392,584
392,585
393,586
394,587
394,588
395,589
396,590
396,591
397,592
397,593
398,594
398,595
399,596
399,597
400,598
401,599
401,600
402,601
403,602
403,603
404,604
405,605
405,606
406,607
407,608
408,609
408,610
409,611
409,612
410,613
411,614
412,615
412,616
413,617
414,618
414,619
415,620
415,621
416,622
416,623
417,624
417,625
418,626
418,627
419,628
419,629
420,630
421,631
422,632
422,633
423,634
424,635
425,636
425,637
426,638
427,639
428,640
429,641
429,642
430,643
430,644
431,645
431,646
432,647
433,648
433,649
434,650
434,651
435,652
436,653
436,654
437,655
437,656
438,657
438,658
439,659
439,660
440,661
441,662
441,663
442,664
442,665
443,666
443,667
444,668
444,669
445,670
446,671
446,672
447,673
448,674
448,675
449,676
450,677
450,678
451,679
452,680
453,681
454,682
454,683
455,684
455,685
456,686
456,687
457,688
458,689
459,690
460,691
461,692
461,693
462,694
463,695
464,696
464,697
465,698
465,699
466,700
467,701
467,702
468,703
468,704
469,705
469,706
470,707
471,708
471,709
472,710
473,711
474,712
475,713
476,714
476,715
477,716
478,717
478,718
479,719
479,720
480,721
481,722
482,723
483,724
484,725
485,726
486,727
486,728
487,729
487,730
488,731
489,732
490,733
490,734
491,735
491,736
492,737
492,738
493,739
494,740
495,741
495,742
496,743
496,744
497,745
497,746
498,747
499,748
500,749
501,750
502,751
502,752
503,753
503,754
504,755
505,756
506,757
506,758
507,759
508,760
509,761
510,762
511,763
511,764
512,765
512,766
513,767
514,768
514,769
515,770
515,771
516,772
516,773
517,774
517,775
518,776
519,777
519,778
520,779
520,780
521,781
521,782
522,783
522,784
523,785
523,786
524,787
525,788
526,789
527,790
527,791
528,792
528,793
529,794
529,795
530,796
530,797
531,798
531,799
532,800
532,801
533,802
534,803
534,804
535,805
535,806
536,807
537,808
538,809
538,810
539,811
540,812
540,813
541,814
542,815
542,816
543,817
543,818
544,819
544,820
545,821
546,822
547,823
547,824
548,825
548,826
549,827
550,828
550,829
551,830
552,831
553,832
554,833
554,834
555,835
556,836
556,837
557,838
557,839
558,840
558,841
559,842
560,843
561,844
561,845
562,846
562,847
563,848
563,849
564,850
564,851
565,852
566,853
567,854
568,855
568,856
569,857
569,858
570,859
570,860
571,861
571,862
572,863
572,864
573,865
573,866
574,867
574,868
575,869
576,870
576,871
577,872
578,873
578,874
579,875
579,876
580,877
581,878
581,879
582,880
583,881
584,882
585,883
585,884
586,885
586,886
587,887
588,888
589,889
590,890
591,891
591,892
592,893
593,894
593,895
594,896
594,897
595,898
596,899
597,900
597,901
598,902
599,903
599,904
600,905
601,906
601,907
602,908
603,909
603,910
604,911
605,912
606,913
606,914
607,915
607,916
608,917
609,918
610,919
611,920
612,921
613,922
614,923
614,924
615,925
616,926
617,927
618,928
619,929
620,930
621,931
622,932
623,933
623,934
624,935
624,936
625,937
625,938
626,939
626,940
627,941
628,942
629,943
629,944
630,945
630,946
631,947
631,948
632,949
632,950
633,951
633,952
634,953
635,954
636,955
637,956
638,957
638,958
639,959
640,960
641,961
641,962
642,963
643,964
644,965
645,966
646,967
646,968
647,969
647,970
648,971
649,972
650,973
650,974
651,975
651,976
652,977
652,978
653,979
653,980
654,981
655,982
655,983
656,984
656,985
657,986
658,987
658,988
659,989
660,990
661,991
661,992
662,993
663,994
664,995
665,996
665,997
666,998
666,999
667,1000
667,1001
668,1002
668,1003
669,1004
669,1005
670,1006
670,1007
671,1008
672,1009
672,1010
673,1011
674,1012
674,1013
675,1014
676,1015
676,1016
677,1017
677,1018
678,1019
678,1020
679,1021
680,1022
681,1023
682,1024
683,1025
683,1026
684,1027
684,1028
685,1029
685,1030
686,1031
686,1032
687,1033
687,1034
688,1035
689,1036
689,1037
690,1038
691,1039
691,1040
692,1041
692,1042
693,1043
694,1044
694,1045
695,1046
696,1047
697,1048
698,1049
699,1050
699,1051
700,1052
701,1053
701,1054
702,1055
703,1056
704,1057
705,1058
705,1059
706,1060
707,1061
708,1062
709,1063
709,1064
710,1065
710,1066
711,1067
711,1068
712,1069
712,1070
713,1071
713,1072
714,1073
715,1074
715,1075
716,1076
716,1077
717,1078
717,1079
718,1080
718,1081
719,1082
719,1083
720,1084
720,1085
721,1086
721,1087
722,1088
723,1089
723,1090
724,1091
725,1092
726,1093
726,1094
727,1095
728,1096
729,1097
730,1098
730,1099
731,1100
732,1101
733,1102
734,1103
735,1104
736,1105
736,1106
737,1107
738,1108
738,1109
739,1110
740,1111
741,1112
742,1113
743,1114
744,1115
744,1116
745,1117
746,1118
747,1119
747,1120
748,1121
749,1122
749,1123
750,1124
751,1125
752,1126
753,1127
753,1128
754,1129
755,1130
755,1131
756,1132
756,1133
757,1134
758,1135
759,1136
760,1137
761,1138
762,1139
762,1140
763,1141
764,1142
765,1143
765,1144
766,1145
766,1146
767,1147
767,1148
768,1149
769,1150
770,1151
770,1152
771,1153
771,1154
772,1155
772,1156
773,1157
774,1158
774,1159
775,1160
776,1161
777,1162
777,1163
778,1164
778,1165
779,1166
779,1167
780,1168
780,1169
781,1170
782,1171
782,1172
783,1173
783,1174
784,1175
785,1176
786,1177
787,1178
788,1179
788,1180
789,1181
790,1182
791,1183
792,1184
793,1185
794,1186
795,1187
796,1188
796,1189
797,1190
798,1191
798,1192
799,1193
800,1194
801,1195
802,1196
803,1197
804,1198
805,1199
806,1200
806,1201
807,1202
808,1203
809,1204
809,1205
810,1206
811,1207
811,1208
812,1209
812,1210
813,1211
813,1212
814,1213
815,1214
816,1215
816,1216
817,1217
817,1218
818,1219
819,1220
819,1221
820,1222
820,1223
821,1224
822,1225
823,1226
823,1227
824,1228
824,1229
825,1230
825,1231
826,1232
826,1233
827,1234
828,1235
829,1236
830,1237
830,1238
831,1239
832,1240
833,1241
834,1242
835,1243
835,1244
836,1245
837,1246
837,1247
838,1248
838,1249
839,1250
840,1251
840,1252
841,1253
841,1254
842,1255
843,1256
844,1257
845,1258
846,1259
846,1260
847,1261
847,1262
848,1263
849,1264
850,1265
851,1266
852,1267
853,1268
854,1269
854,1270
855,1271
855,1272
856,1273
857,1274
857,1275
858,1276
859,1277
860,1278
860,1279
861,1280
861,1281
862,1282
862,1283
863,1284
863,1285
864,1286
864,1287
865,1288
866,1289
866,1290
867,1291
868,1292
869,1293
869,1294
870,1295
870,1296
871,1297
871,1298
872,1299
872,1300
873,1301
873,1302
874,1303
874,1304
875,1305
875,1306
876,1307
877,1308
877,1309
878,1310
879,1311
879,1312
880,1313
881,1314
881,1315
882,1316
882,1317
883,1318
884,1319
884,1320
885,1321
885,1322
886,1323
886,1324
887,1325
888,1326
889,1327
890,1328
890,1329
891,1330
891,1331
892,1332
892,1333
893,1334
894,1335
894,1336
895,1337
896,1338
897,1339
897,1340
898,1341
898,1342
899,1343
899,1344
900,1345
901,1346
902,1347
902,1348
903,1349
904,1350
904,1351
905,1352
906,1353
907,1354
908,1355
908,1356
909,1357
910,1358
911,1359
912,1360
912,1361
913,1362
913,1363
914,1364
914,1365
915,1366
915,1367
916,1368
917,1369
918,1370
918,1371
919,1372
919,1373
920,1374
921,1375
922,1376
922,1377
923,1378
924,1379
925,1380
926,1381
926,1382
927,1383
928,1384
928,1385
929,1386
930,1387
931,1388
932,1389
932,1390
933,1391
934,1392
935,1393
935,1394
936,1395
937,1396
938,1397
939,1398
939,1399
940,1400
941,1401
942,1402
943,1403
944,1404
944,1405
945,1406
946,1407
946,1408
947,1409
948,1410
949,1411
949,1412
950,1413
950,1414
951,1415
952,1416
953,1417
953,1418
954,1419
955,1420
956,1421
957,1422
957,1423
958,1424
958,1425
959,1426
959,1427
960,1428
960,1429
961,1430
961,1431
962,1432
963,1433
963,1434
964,1435
965,1436
965,1437
966,1438
967,1439
967,1440
968,1441
968,1442
969,1443
970,1444
971,1445
972,1446
973,1447
973,1448
974,1449
975,1450
975,1451
976,1452
977,1453
978,1454
978,1455
979,1456
980,1457
981,1458
982,1459
982,1460
983,1461
983,1462
984,1463
985,1464
985,1465
986,1466
987,1467
988,1468
988,1469
989,1470
989,1471
990,1472
991,1473
991,1474
992,1475
993,1476
994,1477
994,1478
995,1479
995,1480
996,1481
997,1482
998,1483
998,1484
999,1485
999,1486
1000,1487
1001,1488
1002,1489
1002,1490
1003,1491
1004,1492
1004,1493
1005,1494
1005,1495
1006,1496
1006,1497
1007,1498
1007,1499
1008,1500
1009,1501
1009,1502
1010,1503
1011,1504
1012,1505
1013,1506
1013,1507
1014,1508
1014,1509
1015,1510
1015,1511
1016,1512
1016,1513
1017,1514
1018,1515
1019,1516
1020,1517
1021,1518
1021,1519
1022,1520
1022,1521
1023,1522
1024,1523
1025,1524
1025,1525
1026,1526
1026,1527
1027,1528
1028,1529
1029,1530
1029,1531
1030,1532
1030,1533
1031,1534
1031,1535
1032,1536
1032,1537
1033,1538
1033,1539
1034,1540
1035,1541
1035,1542
1036,1543
1036,1544
1037,1545
1037,1546
1038,1547
1039,1548
1039,1549
1040,1550
1041,1551
1041,1552
1042,1553
1043,1554
1044,1555
1044,1556
1045,1557
1046,1558
1046,1559
1047,1560
1047,1561
1048,1562
1049,1563
1049,1564
1050,1565
1051,1566
1051,1567
1052,1568
1053,1569
1054,1570
1055,1571
1056,1572
1057,1573
1058,1574
1058,1575
1059,1576
1060,1577
1060,1578
1061,1579
1062,1580
1062,1581
1063,1582
1063,1583
1064,1584
1064,1585
1065,1586
1066,1587
1066,1588
1067,1589
1067,1590
1068,1591
1069,1592
1069,1593
1070,1594
1070,1595
1071,1596
1071,1597
1072,1598
1073,1599
1073,1600
1074,1601
1074,1602
1075,1603
1075,1604
1076,1605
1076,1606
1077,1607
1078,1608
1079,1609
1080,1610
1081,1611
1081,1612
1082,1613
1083,1614
1084,1615
1084,1616
1085,1617
1086,1618
1086,1619
1087,1620
1087,1621
1088,1622
1089,1623
1089,1624
1090,1625
1090,1626
1091,1627
1092,1628
1093,1629
1094,1630
1094,1631
1095,1632
1096,1633
1096,1634
1097,1635
1098,1636
1099,1637
1099,1638
1100,1639
1101,1640
1101,1641
1102,1642
1102,1643
1103,1644
1103,1645
1104,1646
1105,1647
1105,1648
1106,1649
1106,1650
1107,1651
1107,1652
1108,1653
1109,1654
1110,1655
1110,1656
1111,1657
1111,1658
1112,1659
1112,1660
1113,1661
1114,1662
1115,1663
1115,1664
1116,1665
1117,1666
1117,1667
1118,1668
1119,1669
1120,1670
1120,1671
1121,1672
1122,1673
1123,1674
1123,1675
1124,1676
1124,1677
1125,1678
1126,1679
1126,1680
1127,1681
1127,1682
1128,1683
1128,1684
1129,1685
1129,1686
1130,1687
1131,1688
1132,1689
1133,1690
1133,1691
1134,1692
1134,1693
1135,1694
1135,1695
1136,1696
1137,1697
1138,1698
1138,1699
1139,1700
1139,1701
1140,1702
1141,1703
1142,1704
1143,1705
1144,1706
1145,1707
1145,1708
1146,1709
1146,1710
1147,1711
1147,1712
1148,1713
1148,1714
1149,1715
1149,1716
1150,1717
1150,1718
1151,1719
1152,1720
1152,1721
1153,1722
1154,1723
1155,1724
1156,1725
1156,1726
1157,1727
1157,1728
1158,1729
1159,1730
1160,1731
1161,1732
1161,1733
1162,1734
1163,1735
1163,1736
1164,1737
1165,1738
1166,1739
1166,1740
1167,1741
1167,1742
1168,1743
1169,1744
1169,1745
1170,1746
1171,1747
1171,1748
1172,1749
1173,1750
1174,1751
1175,1752
1175,1753
1176,1754
1176,1755
1177,1756
1177,1757
1178,1758
1178,1759
1179,1760
1179,1761
1180,1762
1181,1763
1182,1764
1183,1765
1184,1766
1185,1767
1186,1768
1187,1769
1188,1770
1188,1771
1189,1772
1189,1773
1190,1774
1191,1775
1191,1776
1192,1777
1193,1778
1194,1779
1194,1780
1195,1781
1195,1782
1196,1783
1197,1784
1197,1785
1198,1786
1198,1787
1199,1788
1199,1789
1200,1790
1201,1791
1201,1792
1202,1793
1203,1794
1203,1795
1204,1796
1205,1797
1206,1798
1206,1799
1207,1800
1208,1801
1208,1802
1209,1803
1210,1804
1210,1805
1211,1806
1211,1807
1212,1808
1213,1809
1213,1810
1214,1811
1215,1812
1216,1813
1216,1814
1217,1815
1218,1816
1219,1817
1219,1818
1220,1819
1221,1820
1221,1821
1222,1822
1222,1823
1223,1824
1223,1825
1224,1826
1225,1827
1226,1828
1226,1829
1227,1830
1228,1831
1228,1832
1229,1833
1230,1834
1230,1835
1231,1836
1232,1837
1232,1838
1233,1839
1233,1840
1234,1841
1234,1842
1235,1843
1236,1844
1237,1845
1237,1846
1238,1847
1239,1848
1240,1849
1241,1850
1242,1851
1242,1852
1243,1853
1243,1854
1244,1855
1244,1856
1245,1857
1246,1858
1247,1859
1248,1860
1248,1861
1249,1862
1250,1863
1250,1864
1251,1865
1251,1866
1252,1867
1253,1868
1254,1869
1254,1870
1255,1871
1256,1872
1257,1873
1258,1874
1258,1875
1259,1876
1259,1877
1260,1878
1261,1879
1262,1880
1262,1881
1263,1882
1264,1883
1264,1884
1265,1885
1266,1886
1266,1887
1267,1888
1267,1889
1268,1890
1268,1891
1269,1892
1270,1893
1270,1894
1271,1895
1272,1896
1273,1897
1274,1898
1274,1899
1275,1900
1275,1901
1276,1902
1276,1903
1277,1904
1278,1905
1278,1906
1279,1907
1279,1908
1280,1909
1280,1910
1281,1911
1281,1912
1282,1913
1282,1914
1283,1915
1283,1916
1284,1917
1284,1918
1285,1919
1285,1920
1286,1921
1287,1922
1287,1923
1288,1924
1289,1925
1290,1926
1290,1927
1291,1928
1292,1929
1292,1930
1293,1931
1293,1932
1294,1933
1295,1934
1296,1935
1297,1936
1298,1937
1299,1938
1300,1939
1301,1940
1302,1941
1302,1942
1303,1943
1303,1944
1304,1945
1304,1946
1305,1947
1305,1948
1306,1949
1307,1950
1307,1951
1308,1952
1308,1953
1309,1954
1309,1955
1310,1956
1310,1957
1311,1958
1312,1959
1312,1960
1313,1961
1313,1962
1314,1963
1315,1964
1315,1965
1316,1966
1316,1967
1317,1968
1317,1969
1318,1970
1319,1971
1319,1972
1320,1973
1320,1974
1321,1975
1321,1976
1322,1977
1322,1978
1323,1979
1323,1980
1324,1981
1324,1982
1325,1983
1325,1984
1326,1985
1327,1986
1328,1987
1328,1988
1329,1989
1330,1990
1330,1991
1331,1992
1331,1993
1332,1994
1333,1995
1334,1996
1334,1997
1335,1998
1336,1999
1337,2000
1337,2001
1338,2002
1338,2003
1339,2004
1340,2005
1340,2006
1341,2007
1342,2008
1342,2009
1343,2010
1344,2011
1345,2012
1345,2013
1346,2014
1347,2015
1347,2016
1348,2017
1348,2018
1349,2019
1349,2020
1350,2021
1350,2022
1351,2023
1351,2024
1352,2025
1353,2026
1353,2027
1354,2028
1354,2029
1355,2030
1355,2031
1356,2032
1356,2033
1357,2034
1357,2035
1358,2036
1359,2037
1360,2038
1361,2039
1361,2040
1362,2041
1362,2042
1363,2043
1364,2044
1364,2045
1365,2046
1365,2047
1366,2048
1367,2049
1368,2050
1369,2051
1369,2052
1370,2053
1370,2054
1371,2055
1371,2056
1372,2057
1372,2058
1373,2059
1374,2060
1375,2061
1375,2062
1376,2063
1376,2064
1377,2065
1377,2066
1378,2067
1379,2068
1380,2069
1380,2070
1381,2071
1382,2072
1382,2073
1383,2074
1384,2075
1385,2076
1385,2077
1386,2078
1386,2079
1387,2080
1388,2081
1389,2082
1389,2083
1390,2084
1391,2085
1391,2086
1392,2087
1393,2088
1393,2089
1394,2090
1394,2091
1395,2092
1395,2093
1396,2094
1396,2095
1397,2096
1397,2097
1398,2098
1398,2099
1399,2100
1399,2101
1400,2102
1400,2103
1401,2104
1401,2105
1402,2106
1403,2107
1403,2108
1404,2109
1404,2110
1405,2111
1405,2112
1406,2113
1406,2114
1407,2115
1407,2116
1408,2117
1409,2118
1409,2119
1410,2120
1410,2121
1411,2122
1411,2123
1412,2124
1412,2125
1413,2126
1413,2127
1414,2128
1414,2129
1415,2130
1416,2131
1417,2132
1417,2133
1418,2134
1418,2135
1419,2136
1420,2137
1421,2138
1421,2139
1422,2140
1422,2141
1423,2142
1423,2143
1424,2144
1424,2145
1425,2146
1426,2147
1427,2148
1428,2149
1429,2150
1430,2151
1430,2152
1431,2153
1431,2154
1432,2155
1432,2156
1433,2157
1434,2158
1435,2159
1436,2160
1437,2161
1438,2162
1439,2163
1439,2164
1440,2165
1440,2166
1441,2167
1441,2168
1442,2169
1442,2170
1443,2171
1444,2172
1445,2173
1446,2174
1447,2175
1448,2176
1448,2177
1449,2178
1450,2179
1451,2180
1451,2181
1452,2182
1452,2183
1453,2184
1453,2185
1454,2186
1454,2187
1455,2188
1455,2189
1456,2190
1457,2191
1458,2192
1458,2193
1459,2194
1459,2195
1460,2196
1460,2197
1461,2198
1462,2199
1462,2200
1463,2201
1464,2202
1464,2203
1465,2204
1465,2205
1466,2206
1467,2207
1467,2208
1468,2209
1469,2210
1470,2211
1471,2212
1472,2213
1472,2214
1473,2215
1474,2216
1474,2217
1475,2218
1475,2219
1476,2220
1477,2221
1478,2222
1478,2223
1479,2224
1480,2225
1480,2226
1481,2227
1482,2228
1482,2229
1483,2230
1483,2231
1484,2232
1485,2233
1486,2234
1487,2235
1488,2236
1489,2237
1489,2238
1490,2239
1491,2240
1492,2241
1493,2242
1493,2243
1494,2244
1494,2245
1495,2246
1495,2247
1496,2248
1496,2249
1497,2250
1497,2251
1498,2252
1498,2253
1499,2254
1499,2255
1500,2256
1500,2257
1501,2258
1502,2259
1503,2260
1503,2261
1504,2262
1504,2263
1505,2264
1506,2265
1507,2266
1507,2267
1508,2268
1509,2269
1509,2270
1510,2271
1510,2272
1511,2273
1512,2274
1513,2275
1514,2276
1514,2277
1515,2278
1515,2279
1516,2280
1516,2281
1517,2282
1517,2283
1518,2284
1519,2285
1520,2286
1520,2287
1521,2288
1522,2289
1523,2290
1524,2291
1525,2292
1525,2293
1526,2294
1526,2295
1527,2296
1527,2297
1528,2298
1529,2299
1529,2300
1530,2301
1531,2302
1531,2303
1532,2304
1532,2305
1533,2306
1533,2307
1534,2308
1534,2309
1535,2310
1536,2311
1537,2312
1537,2313
1538,2314
1539,2315
1539,2316
1540,2317
1540,2318
1541,2319
1542,2320
1542,2321
1543,2322
1544,2323
1544,2324
1545,2325
1546,2326
1547,2327
1547,2328
1548,2329
1549,2330
1550,2331
1550,2332
1551,2333
1551,2334
1552,2335
1552,2336
1553,2337
1553,2338
1554,2339
1555,2340
1555,2341
1556,2342
1556,2343
1557,2344
1557,2345
1558,2346
1558,2347
1559,2348
1560,2349
1560,2350
1561,2351
1561,2352
1562,2353
1562,2354
1563,2355
1564,2356
1564,2357
1565,2358
1566,2359
1566,2360
1567,2361
1567,2362
1568,2363
1569,2364
1569,2365
1570,2366
1571,2367
1571,2368
1572,2369
1573,2370
1573,2371
1574,2372
1575,2373
1576,2374
1577,2375
1577,2376
1578,2377
1578,2378
1579,2379
1579,2380
1580,2381
1581,2382
1582,2383
1582,2384
1583,2385
1584,2386
1584,2387
1585,2388
1585,2389
1586,2390
1586,2391
1587,2392
1588,2393
1589,2394
1590,2395
1590,2396
1591,2397
1592,2398
1592,2399
1593,2400
1593,2401
1594,2402
1594,2403
1595,2404
1595,2405
1596,2406
1597,2407
1597,2408
1598,2409
1599,2410
1600,2411
1601,2412
1602,2413
1603,2414
1604,2415
1605,2416
1606,2417
1606,2418
1607,2419
1608,2420
1609,2421
1610,2422
1610,2423
1611,2424
1611,2425
1612,2426
1613,2427
1614,2428
1614,2429
1615,2430
1615,2431
1616,2432
1616,2433
1617,2434
1617,2435
1618,2436
1619,2437
1619,2438
1620,2439
1620,2440
1621,2441
1622,2442
1623,2443
1623,2444
1624,2445
1625,2446
1625,2447
1626,2448
1626,2449
1627,2450
1628,2451
1629,2452
1630,2453
1631,2454
1631,2455
1632,2456
1632,2457
1633,2458
1633,2459
1634,2460
1634,2461
1635,2462
1635,2463
1636,2464
1636,2465
1637,2466
1638,2467
1639,2468
1640,2469
1641,2470
1642,2471
1642,2472
1643,2473
1643,2474
1644,2475
1645,2476
1646,2477
1647,2478
1647,2479
1648,2480
1649,2481
1649,2482
1650,2483
1651,2484
1652,2485
1652,2486
1653,2487
1653,2488
1654,2489
1654,2490
1655,2491
1655,2492
1656,2493
1656,2494
1657,2495
1658,2496
1659,2497
1659,2498
1660,2499
1661,2500
1661,2501
1662,2502
1662,2503
1663,2504
1664,2505
1664,2506
1665,2507
1665,2508
1666,2509
1666,2510
1667,2511
1668,2512
1668,2513
1669,2514
1670,2515
1670,2516
1671,2517
1672,2518
1673,2519
1674,2520
1674,2521
1675,2522
1676,2523
1676,2524
1677,2525
1677,2526
1678,2527
1678,2528
1679,2529
1679,2530
1680,2531
1681,2532
1681,2533
1682,2534
1682,2535
1683,2536
1683,2537
1684,2538
1685,2539
1686,2540
1686,2541
1687,2542
1687,2543
1688,2544
1688,2545
1689,2546
1690,2547
1690,2548
1691,2549
1691,2550
1692,2551
1692,2552
1693,2553
1694,2554
1695,2555
1696,2556
1697,2557
1697,2558
1698,2559
1698,2560
1699,2561
1699,2562
1700,2563
1701,2564
1701,2565
1702,2566
1702,2567
1703,2568
1703,2569
1704,2570
1705,2571
1705,2572
1706,2573
1707,2574
1707,2575
1708,2576
1709,2577
1709,2578
1710,2579
1711,2580
1711,2581
1712,2582
1713,2583
1714,2584
1714,2585
1715,2586
1715,2587
1716,2588
1716,2589
1717,2590
1717,2591
1718,2592
1718,2593
1719,2594
1720,2595
1721,2596
1721,2597
1722,2598
1723,2599
1724,2600
1725,2601
1726,2602
1727,2603
1728,2604
1729,2605
1729,2606
1730,2607
1730,2608
1731,2609
1731,2610
1732,2611
1733,2612
1733,2613
1734,2614
1734,2615
1735,2616
1736,2617
1737,2618
1737,2619
1738,2620
1738,2621
1739,2622
1740,2623
1741,2624
1742,2625
1743,2626
1743,2627
1744,2628
1744,2629
1745,2630
1746,2631
1747,2632
1747,2633
1748,2634
1749,2635
1749,2636
1750,2637
1751,2638
1751,2639
1752,2640
1753,2641
1754,2642
1755,2643
1756,2644
1757,2645
1757,2646
1758,2647
1759,2648
1760,2649
1760,2650
1761,2651
1761,2652
1762,2653
1762,2654
1763,2655
1764,2656
1764,2657
1765,2658
1765,2659
1766,2660
1766,2661
1767,2662
1768,2663
1769,2664
1769,2665
1770,2666
1770,2667
1771,2668
1772,2669
1772,2670
1773,2671
1774,2672
1774,2673
1775,2674
1775,2675
1776,2676
1776,2677
1777,2678
1778,2679
1778,2680
1779,2681
1780,2682
1780,2683
1781,2684
1781,2685
1782,2686
1783,2687
1784,2688
1785,2689
1785,2690
1786,2691
1786,2692
1787,2693
1787,2694
1788,2695
1788,2696
1789,2697
1789,2698
1790,2699
1790,2700
1791,2701
1791,2702
1792,2703
1792,2704
1793,2705
1793,2706
1794,2707
1795,2708
1796,2709
1796,2710
1797,2711
1797,2712
1798,2713
1799,2714
1799,2715
1800,2716
1800,2717
1801,2718
1802,2719
1803,2720
1803,2721
1804,2722
1804,2723
1805,2724
1806,2725
1807,2726
1808,2727
1809,2728
1809,2729
1810,2730
1811,2731
1811,2732
1812,2733
1812,2734
1813,2735
1813,2736
1814,2737
1814,2738
1815,2739
1816,2740
1817,2741
1817,2742
1818,2743
1818,2744
1819,2745
1820,2746
1821,2747
1822,2748
1823,2749
1824,2750
1824,2751
1825,2752
1825,2753
1826,2754
1827,2755
1827,2756
1828,2757
1829,2758
1829,2759
1830,2760
1830,2761
1831,2762
1831,2763
1832,2764
1833,2765
1834,2766
1835,2767
1835,2768
1836,2769
1837,2770
1837,2771
1838,2772
1839,2773
1840,2774
1840,2775
1841,2776
1842,2777
1843,2778
1843,2779
1844,2780
1844,2781
1845,2782
1845,2783
1846,2784
1846,2785
1847,2786
1848,2787
1848,2788
1849,2789
1849,2790
1850,2791
1850,2792
1851,2793
1852,2794
1852,2795
1853,2796
1854,2797
1854,2798
1855,2799
1856,2800
1857,2801
1857,2802
1858,2803
1858,2804
1859,2805
1860,2806
1860,2807
1861,2808
1862,2809
1862,2810
1863,2811
1863,2812
1864,2813
1865,2814
1866,2815
1867,2816
1868,2817
1868,2818
1869,2819
1870,2820
1870,2821
1871,2822
1872,2823
1872,2824
1873,2825
1874,2826
1875,2827
1876,2828
1876,2829
1877,2830
1878,2831
1878,2832
1879,2833
1879,2834
1880,2835
1880,2836
1881,2837
1882,2838
1882,2839
1883,2840
1883,2841
1884,2842
1884,2843
1885,2844
1886,2845
1886,2846
1887,2847
1888,2848
1889,2849
1889,2850
1890,2851
1891,2852
1892,2853
1893,2854
1894,2855
1895,2856
1895,2857
1896,2858
1896,2859
1897,2860
1898,2861
1898,2862
1899,2863
1899,2864
1900,2865
1901,2866
1901,2867
1902,2868
1903,2869
1903,2870
1904,2871
1905,2872
1905,2873
1906,2874
1907,2875
1908,2876
1908,2877
1909,2878
1909,2879
1910,2880
1910,2881
1911,2882
1912,2883
1913,2884
1914,2885
1914,2886
1915,2887
1916,2888
1917,2889
1918,2890
1919,2891
1920,2892
1920,2893
1921,2894
1922,2895
1923,2896
1924,2897
1924,2898
1925,2899
1926,2900
1926,2901
1927,2902
1927,2903
1928,2904
1928,2905
1929,2906
1929,2907
1930,2908
1931,2909
1931,2910
1932,2911
1933,2912
1933,2913
1934,2914
1935,2915
1935,2916
1936,2917
1937,2918
1938,2919
1939,2920
1940,2921
1940,2922
1941,2923
1941,2924
1942,2925
1942,2926
1943,2927
1944,2928
1945,2929
1946,2930
1947,2931
1948,2932
1948,2933
1949,2934
1949,2935
1950,2936
1951,2937
1951,2938
1952,2939
1953,2940
1953,2941
1954,2942
1954,2943
1955,2944
1956,2945
1957,2946
1958,2947
1959,2948
1960,2949
1961,2950
1961,2951
1962,2952
1963,2953
1963,2954
1964,2955
1965,2956
1966,2957
1966,2958
1967,2959
1968,2960
1969,2961
1969,2962
1970,2963
1971,2964
1972,2965
1973,2966
1974,2967
1975,2968
1975,2969
1976,2970
1977,2971
1978,2972
1978,2973
1979,2974
1979,2975
1980,2976
1981,2977
1982,2978
1983,2979
1984,2980
1985,2981
1986,2982
1986,2983
1987,2984
1987,2985
1988,2986
1989,2987
1989,2988
1990,2989
1990,2990
1991,2991
1991,2992
1992,2993
1993,2994
1994,2995
1995,2996
1996,2997
1996,2998
1997,2999
1998,3000
1998,3001
1999,3002
1999,3003
2000,3004
2000,3005
2001,3006
2001,3007
2002,3008
2003,3009
2003,3010
2004,3011
2005,3012
2005,3013
2006,3014
2006,3015
2007,3016
2008,3017
2009,3018
2010,3019
2011,3020
2012,3021
2013,3022
2013,3023
2014,3024
2014,3025
2015,3026
2015,3027
2016,3028
2016,3029
2017,3030
2017,3031
2018,3032
2019,3033
2019,3034
2020,3035
2021,3036
2021,3037
2022,3038
2022,3039
2023,3040
2023,3041
2024,3042
2025,3043
2025,3044
2026,3045
2026,3046
2027,3047
2028,3048
2028,3049
2029,3050
2030,3051
2031,3052
2031,3053
2032,3054
2032,3055
2033,3056
2033,3057
2034,3058
2034,3059
2035,3060
2035,3061
2036,3062
2036,3063
2037,3064
2038,3065
2039,3066
2039,3067
2040,3068
2041,3069
2042,3070
2043,3071
2044,3072
2045,3073
2045,3074
2046,3075
2047,3076
2048,3077
2048,3078
2049,3079
2049,3080
2050,3081
2050,3082
2051,3083
2052,3084
2052,3085
2053,3086
2054,3087
2055,3088
2055,3089
2056,3090
2057,3091
2057,3092
2058,3093
2059,3094
2059,3095
2060,3096
2060,3097
2061,3098
2062,3099
2063,3100
2064,3101
2065,3102
2066,3103
2066,3104
2067,3105
2068,3106
2069,3107
2070,3108
2071,3109
2072,3110
2073,3111
2073,3112
2074,3113
2075,3114
2075,3115
2076,3116
2076,3117
2077,3118
2077,3119
2078,3120
2079,3121
2079,3122
2080,3123
2080,3124
2081,3125
2082,3126
2083,3127
2084,3128
2085,3129
2086,3130
2086,3131
2087,3132
2088,3133
2088,3134
2089,3135
2090,3136
2091,3137
2092,3138
2093,3139
2094,3140
2094,3141
2095,3142
2095,3143
2096,3144
2097,3145
2098,3146
2099,3147
2099,3148
2100,3149
2101,3150
2101,3151
2102,3152
2103,3153
2104,3154
2104,3155
2105,3156
2105,3157
2106,3158
2106,3159
2107,3160
2107,3161
2108,3162
2108,3163
2109,3164
2109,3165
2110,3166
2111,3167
2112,3168
2112,3169
2113,3170
2113,3171
2114,3172
2114,3173
2115,3174
2115,3175
2116,3176
2117,3177
2118,3178
2119,3179
2120,3180
2121,3181
2121,3182
2122,3183
2122,3184
2123,3185
2124,3186
2124,3187
2125,3188
2125,3189
2126,3190
2127,3191
2127,3192
2128,3193
2129,3194
2129,3195
2130,3196
2131,3197
2132,3198
2132,3199
2133,3200
2133,3201
2134,3202
2134,3203
2135,3204
2135,3205
2136,3206
2136,3207
2137,3208
2137,3209
2138,3210
2139,3211
2139,3212
2140,3213
2141,3214
2141,3215
2142,3216
2143,3217
2143,3218
2144,3219
2145,3220
2145,3221
2146,3222
2146,3223
2147,3224
2147,3225
2148,3226
2149,3227
2150,3228
2151,3229
2151,3230
2152,3231
2152,3232
2153,3233
2153,3234
2154,3235
2154,3236
2155,3237
2156,3238
2157,3239
2158,3240
2159,3241
2159,3242
2160,3243
2160,3244
2161,3245
2161,3246
2162,3247
2162,3248
2163,3249
2163,3250
2164,3251
2164,3252
2165,3253
2165,3254
2166,3255
2166,3256
2167,3257
2167,3258
2168,3259
2168,3260
2169,3261
2169,3262
2170,3263
2171,3264
2172,3265
2173,3266
2174,3267
2174,3268
2175,3269
2175,3270
2176,3271
2177,3272
2178,3273
2178,3274
2179,3275
2180,3276
2180,3277
2181,3278
2181,3279
2182,3280
2183,3281
2184,3282
2184,3283
2185,3284
2186,3285
2187,3286
2187,3287
2188,3288
2188,3289
2189,3290
2189,3291
2190,3292
2190,3293
2191,3294
2192,3295
2192,3296
2193,3297
2194,3298
2194,3299
2195,3300
2195,3301
2196,3302
2197,3303
2198,3304
2199,3305
2200,3306
2200,3307
2201,3308
2201,3309
2202,3310
2203,3311
2204,3312
2205,3313
2205,3314
2206,3315
2207,3316
2208,3317
2209,3318
2210,3319
2211,3320
2212,3321
2213,3322
2214,3323
2214,3324
2215,3325
2215,3326
2216,3327
2216,3328
2217,3329
2218,3330
2218,3331
2219,3332
2219,3333
2220,3334
2221,3335
2221,3336
2222,3337
2222,3338
2223,3339
2223,3340
2224,3341
2225,3342
2225,3343
2226,3344
2227,3345
2227,3346
2228,3347
2229,3348
2229,3349
2230,3350
2231,3351
2231,3352
2232,3353
2233,3354
2233,3355
2234,3356
2234,3357
2235,3358
2235,3359
2236,3360
2237,3361
2237,3362
2238,3363
2239,3364
2239,3365
2240,3366
2240,3367
2241,3368
2242,3369
2243,3370
2244,3371
2245,3372
2245,3373
2246,3374
2246,3375
2247,3376
2248,3377
2249,3378
2249,3379
2250,3380
2250,3381
2251,3382
2252,3383
2253,3384
2254,3385
2255,3386
2256,3387
2256,3388
2257,3389
2258,3390
2259,3391
2260,3392
2261,3393
2262,3394
2262,3395
2263,3396
2264,3397
2264,3398
2265,3399
2265,3400
2266,3401
2267,3402
2268,3403
2268,3404
2269,3405
2269,3406
2270,3407
2271,3408
2271,3409
2272,3410
2273,3411
2273,3412
2274,3413
2274,3414
2275,3415
2276,3416
2277,3417
2278,3418
2279,3419
2280,3420
2281,3421
2282,3422
2282,3423
2283,3424
2284,3425
2284,3426
2285,3427
2285,3428
2286,3429
2287,3430
2288,3431
2288,3432
2289,3433
2290,3434
2290,3435
2291,3436
2291,3437
2292,3438
2292,3439
2293,3440
2294,3441
2295,3442
2295,3443
2296,3444
2296,3445
2297,3446
2297,3447
2298,3448
2298,3449
2299,3450
2299,3451
2300,3452
2301,3453
2302,3454
2302,3455
2303,3456
2303,3457
2304,3458
2305,3459
2306,3460
2307,3461
2308,3462
2308,3463
2309,3464
2309,3465
2310,3466
2310,3467
2311,3468
2311,3469
2312,3470
2313,3471
2314,3472
2314,3473
2315,3474
2316,3475
2316,3476
2317,3477
2318,3478
2318,3479
2319,3480
2319,3481
2320,3482
2320,3483
2321,3484
2322,3485
2322,3486
2323,3487
2323,3488
2324,3489
2325,3490
2325,3491
2326,3492
2327,3493
2327,3494
2328,3495
2329,3496
2329,3497
2330,3498
2330,3499
2331,3500
2331,3501
2332,3502
2333,3503
2334,3504
2334,3505
2335,3506
2335,3507
2336,3508
2336,3509
2337,3510
2337,3511
2338,3512
2339,3513
2340,3514
2340,3515
2341,3516
2342,3517
2343,3518
2344,3519
2345,3520
2345,3521
2346,3522
2347,3523
2347,3524
2348,3525
2348,3526
2349,3527
2349,3528
2350,3529
2350,3530
2351,3531
2352,3532
2352,3533
2353,3534
2353,3535
2354,3536
2355,3537
2355,3538
2356,3539
2356,3540
2357,3541
2358,3542
2358,3543
2359,3544
2359,3545
2360,3546
2361,3547
2362,3548
2362,3549
2363,3550
2364,3551
2365,3552
2366,3553
2367,3554
2368,3555
2368,3556
2369,3557
2370,3558
2370,3559
2371,3560
2372,3561
2373,3562
2373,3563
2374,3564
2374,3565
2375,3566
2376,3567
2376,3568
2377,3569
2377,3570
2378,3571
2378,3572
2379,3573
2380,3574
2381,3575
2382,3576
2383,3577
2384,3578
2385,3579
2385,3580
2386,3581
2386,3582
2387,3583
2388,3584
2388,3585
2389,3586
2389,3587
2390,3588
2390,3589
2391,3590
2392,3591
2392,3592
2393,3593
2394,3594
2395,3595
2396,3596
2397,3597
2398,3598
2399,3599
2400,3600
2401,3601
2402,3602
2403,3603
2404,3604
2405,3605
2405,3606
2406,3607
2407,3608
2408,3609
2409,3610
2409,3611
2410,3612
2410,3613
2411,3614
2412,3615
2413,3616
2414,3617
2414,3618
2415,3619
2416,3620
2416,3621
2417,3622
2418,3623
2418,3624
2419,3625
2419,3626
2420,3627
2420,3628
2421,3629
2421,3630
2422,3631
2423,3632
2424,3633
2425,3634
2426,3635
2426,3636
2427,3637
2428,3638
2428,3639
2429,3640
2429,3641
2430,3642
2431,3643
2431,3644
2432,3645
2433,3646
2433,3647
2434,3648
2434,3649
2435,3650
2435,3651
2436,3652
2437,3653
2438,3654
2439,3655
2440,3656
2440,3657
2441,3658
2442,3659
2443,3660
2444,3661
2444,3662
2445,3663
2445,3664
2446,3665
2447,3666
2447,3667
2448,3668
2449,3669
2449,3670
2450,3671
2450,3672
2451,3673
2451,3674
2452,3675
2452,3676
2453,3677
2454,3678
2455,3679
2455,3680
2456,3681
2457,3682
2458,3683
2458,3684
2459,3685
2460,3686
2460,3687
2461,3688
2462,3689
2463,3690
2464,3691
2465,3692
2466,3693
2467,3694
2467,3695
2468,3696
2468,3697
2469,3698
2469,3699
2470,3700
2470,3701
2471,3702
2471,3703
2472,3704
2473,3705
2473,3706
2474,3707
2474,3708
2475,3709
2475,3710
2476,3711
2477,3712
2477,3713
2478,3714
2478,3715
2479,3716
2479,3717
2480,3718
2481,3719
2481,3720
2482,3721
2482,3722
2483,3723
2484,3724
2485,3725
2486,3726
2486,3727
2487,3728
2488,3729
2488,3730
2489,3731
2490,3732
2490,3733
2491,3734
2492,3735
2492,3736
2493,3737
2494,3738
2495,3739
2496,3740
2496,3741
2497,3742
2497,3743
2498,3744
2498,3745
2499,3746
2500,3747
2500,3748
2501,3749
2502,3750
2502,3751
2503,3752
2504,3753
2505,3754
2505,3755
2506,3756
2506,3757
2507,3758
2508,3759
2509,3760
2510,3761
2510,3762
2511,3763
2512,3764
2513,3765
2514,3766
